{"loss": [1.8172500133514404, 1.3777059316635132, 1.1614646911621094, 1.0250883102416992, 0.9208744764328003, 0.844965934753418, 0.7822502255439758, 0.7217767238616943, 0.6846162676811218, 0.6422661542892456, 0.6032228469848633, 0.5713402032852173, 0.5354748964309692, 0.5193582773208618, 0.4914296567440033, 0.46583327651023865, 0.4456818997859955, 0.42300334572792053, 0.41632136702537537, 0.39874839782714844, 0.38467276096343994, 0.3666887581348419, 0.3584614098072052, 0.3518490493297577, 0.3381693661212921, 0.33234065771102905, 0.3203909993171692, 0.3184669017791748, 0.3092138171195984, 0.3012992739677429, 0.2994089126586914, 0.2878856360912323, 0.28119704127311707, 0.27804040908813477, 0.272914856672287, 0.26670658588409424, 0.26488587260246277, 0.25489774346351624, 0.25934934616088867, 0.2465539127588272, 0.25463882088661194, 0.24969390034675598, 0.2391802966594696, 0.23911985754966736, 0.239351287484169, 0.23413708806037903, 0.2288055717945099, 0.23148804903030396, 0.23126962780952454, 0.2288920283317566, 0.22576415538787842, 0.22534912824630737, 0.2197401523590088, 0.2183331847190857, 0.21542136371135712, 0.21006394922733307, 0.21032097935676575, 0.20965580642223358, 0.20727895200252533, 0.2156885415315628, 0.20849937200546265, 0.21004678308963776, 0.20195496082305908, 0.20410829782485962, 0.20467348396778107, 0.199990376830101, 0.2016361951828003, 0.20389807224273682, 0.20047803223133087, 0.1968986541032791, 0.19646966457366943, 0.19056162238121033, 0.19555312395095825, 0.2004178762435913, 0.18929234147071838, 0.18945226073265076, 0.18575461208820343, 0.18991783261299133, 0.19151178002357483, 0.18386562168598175, 0.18551954627037048, 0.1890990287065506, 0.1894800215959549, 0.18704499304294586, 0.18104241788387299, 0.17870916426181793, 0.18095514178276062, 0.18022173643112183, 0.17870454490184784, 0.1916395127773285, 0.18810078501701355, 0.17130714654922485, 0.1810808777809143, 0.17393630743026733, 0.17829810082912445, 0.18053992092609406, 0.16889837384223938, 0.17560404539108276, 0.17961345613002777, 0.17287565767765045], "accuracy": [0.34002000093460083, 0.5012199878692627, 0.5826799869537354, 0.6362000107765198, 0.6721199750900269, 0.6999800205230713, 0.7228999733924866, 0.7444199919700623, 0.7590600252151489, 0.7712799906730652, 0.7867199778556824, 0.7968800067901611, 0.808899998664856, 0.8165799975395203, 0.8263999819755554, 0.8351799845695496, 0.8422200083732605, 0.8496800065040588, 0.8513799905776978, 0.8579000234603882, 0.8626800179481506, 0.8695200085639954, 0.8722800016403198, 0.8778600096702576, 0.8799800276756287, 0.8810399770736694, 0.8859999775886536, 0.8884999752044678, 0.8883799910545349, 0.8932600021362305, 0.8953800201416016, 0.8978800177574158, 0.901199996471405, 0.9018999934196472, 0.9049400091171265, 0.9067599773406982, 0.9062600135803223, 0.9094600081443787, 0.909280002117157, 0.9136999845504761, 0.912060022354126, 0.9137399792671204, 0.9158599972724915, 0.9162999987602234, 0.9180399775505066, 0.9196799993515015, 0.9221799969673157, 0.9209399819374084, 0.9216200113296509, 0.9210000038146973, 0.9228000044822693, 0.9223200082778931, 0.9246199727058411, 0.9261599779129028, 0.9262199997901917, 0.9283999800682068, 0.9283599853515625, 0.9293799996376038, 0.9298200011253357, 0.9253000020980835, 0.9280200004577637, 0.9282799959182739, 0.9311000108718872, 0.9313399791717529, 0.9313399791717529, 0.933139979839325, 0.9319599866867065, 0.9308800101280212, 0.932699978351593, 0.9329000115394592, 0.9347800016403198, 0.9358800053596497, 0.9334999918937683, 0.9324600100517273, 0.9363399744033813, 0.9361400008201599, 0.9378200173377991, 0.9366199970245361, 0.9368199706077576, 0.9380599856376648, 0.9376199841499329, 0.9361199736595154, 0.9372199773788452, 0.939079999923706, 0.9394599795341492, 0.9394999742507935, 0.9393200278282166, 0.9398800134658813, 0.9407200217247009, 0.9368199706077576, 0.9370399713516235, 0.9424800276756287, 0.9405199885368347, 0.9426599740982056, 0.9406999945640564, 0.9410200119018555, 0.944320023059845, 0.9417399764060974, 0.9405400156974792, 0.9427000284194946], "val_loss": [1.4534517526626587, 1.2296814918518066, 0.9876718521118164, 0.8869260549545288, 0.8714630603790283, 0.7603402137756348, 0.7528493404388428, 0.7000742554664612, 0.692283034324646, 0.6598347425460815, 0.6606752872467041, 0.6209896206855774, 0.6583500504493713, 0.6512752771377563, 0.6540340185165405, 0.6320831775665283, 0.6185817718505859, 0.647271454334259, 0.6208846569061279, 0.6376506090164185, 0.654110848903656, 0.6343104839324951, 0.6339707970619202, 0.6214851140975952, 0.6596449017524719, 0.6930632591247559, 0.6853817701339722, 0.6758238077163696, 0.6734665036201477, 0.6720537543296814, 0.6829365491867065, 0.6777012944221497, 0.6830035448074341, 0.704768717288971, 0.7224157452583313, 0.683224081993103, 0.6934764385223389, 0.7299935817718506, 0.6906499862670898, 0.716533899307251, 0.712577223777771, 0.7159592509269714, 0.7016316652297974, 0.7443410158157349, 0.7432840466499329, 0.7148590087890625, 0.7197939157485962, 0.7317699193954468, 0.7505690455436707, 0.7315429449081421, 0.7955959439277649, 0.7223398089408875, 0.744536817073822, 0.7424209117889404, 0.7355549931526184, 0.7416180372238159, 0.7385491132736206, 0.7318070530891418, 0.74851393699646, 0.7551320195198059, 0.7677785754203796, 0.7732428908348083, 0.8395972847938538, 0.7668418884277344, 0.7392627596855164, 0.7904378175735474, 0.7894473671913147, 0.7722927927970886, 0.7398119568824768, 0.7982724905014038, 0.7692883014678955, 0.7778427004814148, 0.7994675040245056, 0.7876327037811279, 0.7556203603744507, 0.7873210310935974, 0.7966663837432861, 0.7781495451927185, 0.7835177779197693, 0.8281526565551758, 0.7834951877593994, 0.8137054443359375, 0.7543076872825623, 0.819878101348877, 0.7949212193489075, 0.7803564071655273, 0.8123233914375305, 0.8009716272354126, 0.796197235584259, 0.75605708360672, 0.7942474484443665, 0.8025268316268921, 0.7744831442832947, 0.8053953647613525, 0.8051160573959351, 0.770394504070282, 0.8096606731414795, 0.8006393313407898, 0.8112038373947144, 0.8217239379882812],